{"cameraMode":{"drawMode":0,"name":"Shaded","section":"Shading Mode"},"sceneLighting":false,"audioPlay":false,"sceneViewState":{"m_AlwaysRefresh":false,"showFog":true,"showSkybox":false,"showFlares":true,"showImageEffects":true,"showParticleSystems":true,"showVisualEffectGraphs":true,"m_FxEnabled":true},"in2DMode":false,"pivot":{"x":-1.2149866819381714,"y":9.161924362182618,"z":0.4725383520126343},"rotation":{"x":0.002775218803435564,"y":-0.9962177872657776,"z":0.0346926711499691,"w":0.07965858280658722},"size":4.695632457733154,"orthographic":false}